Restaurants_Name,url,photos_count,stars,review_count,claimed,address,hours,attributes,categories
Stadtklause,https://www.yelp.co.uk/biz/stadtklause-berlin,265.0,4.5,172,0,Bernburger Str. 3510963 Berlin,"{'Monday': '4:00 PM - 12:00 AM (Next day)', 'Tuesday': '4:00 PM - 12:00 AM (Next day)', 'Wednesday': '4:00 PM - 12:00 AM (Next day)', 'Thursday': '4:00 PM - 12:00 AM (Next day)', 'Friday': '4:00 PM - 12:00 AM (Next day)'}","No Reservations,No Delivery,No Takeout,Many Vegetarian Options",German
LorenzAdlonEsszimmer,https://www.yelp.co.uk/biz/lorenz-adlon-esszimmer-berlin,140.0,5.0,67,1,Unter den Linden 7710117 Berlin,"{'Monday': 'Closed', 'Tuesday': 'Closed', 'Wednesday': 'Closed', 'Thursday': 'Closed', 'Friday': 'Closed'}","Takes Reservations,No Delivery,No Takeout,Accepts Debit Cards",Modern European
MomotaroTavern,https://www.yelp.co.uk/biz/momotaro-tavern-berlin,123.0,4.5,58,1,Panoramastr. 1 A10178 Berlin,"{'Monday': '12:00 PM - 10:00 PM', 'Tuesday': '12:00 PM - 10:00 PM', 'Wednesday': '12:00 PM - 10:00 PM', 'Thursday': '12:00 PM - 10:00 PM', 'Friday': '12:00 PM - 10:00 PM'}","Takes Reservations,Offers Takeout,No Delivery,Accepts Debit Cards","Burgers,Asian Fusion"
FACTORYGIRL,https://www.yelp.co.uk/biz/factory-girl-berlin-2,619.0,4.0,262,1,Auguststr. 29 C10119 Berlin,"{'Monday': '10:00 AM - 3:00 PM', 'Tuesday': '10:00 AM - 3:00 PM', 'Wednesday': '10:00 AM - 3:00 PM', 'Thursday': '10:00 AM - 3:00 PM', 'Friday': '10:00 AM - 3:00 PM'}","Offers Takeout,No Reservations,No Delivery,Accepts Debit Cards","Breakfast & Brunch,Cafes,Desserts"
Muse,https://www.yelp.co.uk/biz/muse-berlin-2,126.0,4.5,60,1,Immanuelkirchstr. 3110405 Berlin,"{'Monday': '10:30 AM - 4:00 PM', 'Tuesday': '10:30 AM - 4:00 PM', 'Wednesday': '10:30 AM - 4:00 PM', 'Thursday': '10:30 AM - 4:00 PM', 'Friday': '10:30 AM - 4:00 PM'}","Takes Reservations,Offers Takeout,No Delivery,Accepts Debit Cards","International,Sandwiches,Burgers"
CocoloRamen,https://www.yelp.co.uk/biz/cocolo-ramen-berlin,287.0,4.0,293,1,Gipsstr. 310119 Berlin,"{'Monday': 'Closed', 'Tuesday': 'Closed', 'Wednesday': 'Closed', 'Thursday': 'Closed', 'Friday': 'Closed'}","No Reservations,No Delivery,No Takeout,Outdoor Seating",Ramen
CanaRestaurant,https://www.yelp.co.uk/biz/cana-restaurant-berlin,50.0,4.5,49,0,Neue Roßstr. 11 - 1210179 Berlin,"{'Monday': '11:30 AM - 11:30 PM', 'Tuesday': '11:30 AM - 11:30 PM', 'Wednesday': '11:30 AM - 11:30 PM', 'Thursday': '11:30 AM - 11:30 PM', 'Friday': '11:30 AM - 11:30 PM'}","Takes Reservations,No Delivery,No Takeout,Accepts Debit Cards",Arabian
CafBondi,https://www.yelp.co.uk/biz/caf%C3%A9-bondi-berlin-2,105.0,4.5,109,0,Eichendorffstr. 610115 Berlin,"{'Monday': '9:00 AM - 6:00 PM', 'Tuesday': '9:00 AM - 6:00 PM', 'Wednesday': '9:00 AM - 6:00 PM', 'Thursday': '9:00 AM - 6:00 PM', 'Friday': '9:00 AM - 6:00 PM'}","Offers Takeout,No Reservations,No Delivery,Many Vegetarian Options","Breakfast & Brunch,Cafes"
JOSEPH,https://www.yelp.co.uk/biz/joseph-berlin-4,,4.0,5,1,Friedrichstr. 11310117 Berlin,"{'Monday': 'Closed', 'Tuesday': 'Closed', 'Wednesday': 'Closed', 'Thursday': 'Closed', 'Friday': 'Closed'}",Classy,
Burgermeister,https://www.yelp.co.uk/biz/burgermeister-berlin,406.0,4.0,714,1,Oberbaumstr. 810997 Berlin,"{'Monday': '12:00 PM - 3:00 AM (Next day)', 'Tuesday': '12:00 PM - 3:00 AM (Next day)', 'Wednesday': '12:00 PM - 3:00 AM (Next day)', 'Thursday': '12:00 PM - 3:00 AM (Next day)', 'Friday': '12:00 PM - 3:00 AM (Next day)'}","Offers Takeout,No Reservations,No Delivery,Outdoor Seating","Takeaway & Fast Food,Burgers"
AignerGendarmenmarkt,https://www.yelp.co.uk/biz/aigner-gendarmenmarkt-berlin-2,130.0,4.0,120,1,Französischestr. 2510117 Berlin,"{'Monday': '12:00 PM - 2:00 AM (Next day)', 'Tuesday': '12:00 PM - 2:00 AM (Next day)', 'Wednesday': '12:00 PM - 2:00 AM (Next day)', 'Thursday': '12:00 PM - 2:00 AM (Next day)', 'Friday': '12:00 PM - 2:00 AM (Next day)'}","Takes Reservations,No Delivery,No Takeout,Accepts Debit Cards","German,Austrian"
SouthernVittles,https://www.yelp.co.uk/biz/southern-vittles-berlin-2,15.0,4.5,10,0,Lychener Str. 610437 Berlin,"{'Monday': '10:00 AM - 3:00 PM', 'Tuesday': '10:00 AM - 3:00 PM', 'Wednesday': '10:00 AM - 3:00 PM', 'Thursday': '10:00 AM - 3:00 PM', 'Friday': '10:00 AM - 3:00 PM'}","No Delivery,Good for Groups,Good For Kids",American (Traditional)
AmmAmma,https://www.yelp.co.uk/biz/ammamma-berlin,62.0,4.5,138,1,Urbanstr. 28 a10967 Berlin,"{'Monday': '12:00 PM - 12:00 AM (Next day)', 'Tuesday': '12:00 PM - 12:00 AM (Next day)', 'Wednesday': '12:00 PM - 12:00 AM (Next day)', 'Thursday': '12:00 PM - 12:00 AM (Next day)', 'Friday': '12:00 PM - 12:00 AM (Next day)'}","Takes Reservations,Offers Takeout,No Delivery,Outdoor Seating",Indian
MuckrakersPizza,https://www.yelp.co.uk/biz/muckrakers-pizza-berlin,34.0,4.5,15,0,Marienstr. 1810117 Berlin,{},"Offers Takeout,No Reservations,No Delivery,Outdoor Seating",Pizza
LeckerSong,https://www.yelp.co.uk/biz/lecker-song-berlin,107.0,4.5,77,1,Schliemannstr. 1910437 Berlin,"{'Monday': '4:00 PM - 10:00 PM', 'Tuesday': '4:00 PM - 10:00 PM', 'Wednesday': '4:00 PM - 10:00 PM', 'Thursday': '4:00 PM - 10:00 PM', 'Friday': '4:00 PM - 10:00 PM'}","Takes Reservations,Offers Takeout,No Delivery,Vegan Options",Dim Sum
Dolcini,https://www.yelp.co.uk/biz/dolcini-berlin,24.0,4.5,34,0,Jägerstr. 7010117 Berlin,"{'Monday': 'Closed', 'Tuesday': 'Closed', 'Wednesday': 'Closed', 'Thursday': 'Closed', 'Friday': 'Closed'}","Takes Reservations,No Delivery,No Takeout,Outdoor Seating",Italian
SteelVintageBikesCaf,https://www.yelp.co.uk/biz/steel-vintage-bikes-caf%C3%A9-berlin-3,158.0,4.5,73,1,Wilhelmstr. 9110117 Berlin,"{'Monday': '9:00 AM - 5:00 PM', 'Tuesday': '9:00 AM - 5:00 PM', 'Wednesday': '9:00 AM - 5:00 PM', 'Thursday': '9:00 AM - 5:00 PM', 'Friday': '9:00 AM - 5:00 PM'}","Takes Reservations,No Delivery,No Takeout,Accepts Debit Cards","Cafes,Bikes,Breakfast & Brunch"
Elefant,https://www.yelp.co.uk/biz/elefant-berlin,179.0,4.5,159,1,Fuggerstr. 1810777 Berlin,"{'Monday': '12:00 PM - 11:00 PM', 'Tuesday': '12:00 PM - 11:00 PM', 'Wednesday': '12:00 PM - 11:00 PM', 'Thursday': '12:00 PM - 11:00 PM', 'Friday': '12:00 PM - 11:00 PM'}","Takes Reservations,Offers Takeout,No Delivery,Accepts Debit Cards",German
TakumiSapporo,https://www.yelp.co.uk/biz/takumi9-sapporo-berlin,76.0,4.5,38,0,Chausseestr. 12410115 Berlin,"{'Monday': '1:00 PM - 10:00 PM', 'Tuesday': '1:00 PM - 10:00 PM', 'Wednesday': '1:00 PM - 10:00 PM', 'Thursday': '1:00 PM - 10:00 PM', 'Friday': '1:00 PM - 10:00 PM'}","Offers Takeout,No Reservations,No Delivery,Casual",Ramen
Mezem,https://www.yelp.co.uk/biz/mezem-berlin,83.0,5.0,40,1,Kantstr. 12410625 Berlin,"{'Monday': 'Closed', 'Tuesday': 'Closed', 'Wednesday': 'Closed', 'Thursday': 'Closed', 'Friday': 'Closed'}","Offers Delivery,Offers Takeout,No Reservations,Many Vegetarian Options",Mediterranean
LABUVETTESteakhouse,https://www.yelp.co.uk/biz/la-buvette-steakhouse-berlin-8,45.0,4.5,88,1,Chausseestr. 11010115 Berlin,"{'Monday': '6:00 PM - 12:00 AM (Next day)', 'Tuesday': '6:00 PM - 12:00 AM (Next day)', 'Wednesday': '6:00 PM - 12:00 AM (Next day)', 'Thursday': '6:00 PM - 12:00 AM (Next day)', 'Friday': '6:00 PM - 12:00 AM (Next day)'}","Takes Reservations,No Delivery,No Takeout,Accepts Debit Cards","French,Brasserie"
HirschHase,https://www.yelp.co.uk/biz/hirsch-und-hase-berlin,6.0,5.0,5,1,Brunnenstr. 7313355 Berlin,"{'Monday': '1:00 PM - 11:00 PM', 'Tuesday': '1:00 PM - 11:00 PM', 'Wednesday': '1:00 PM - 11:00 PM', 'Thursday': '1:00 PM - 11:00 PM', 'Friday': '1:00 PM - 11:00 PM'}",Takes Reservations,"Scottish,Beer Gardens,Tapas & Small Plates"
Yarok,https://www.yelp.co.uk/biz/yarok-berlin,93.0,4.5,169,0,Torstr. 19510115 Berlin,"{'Monday': '2:00 PM - 11:00 PM', 'Tuesday': '2:00 PM - 11:00 PM', 'Wednesday': '2:00 PM - 11:00 PM', 'Thursday': '2:00 PM - 11:00 PM', 'Friday': '2:00 PM - 11:00 PM'}","Offers Takeout,No Reservations,No Delivery,Vegan Options",Syrian
LIUChuanChuanXiangNudelhaus,https://www.yelp.co.uk/biz/liu-%E6%88%90%E9%83%BD%E5%91%B3%E9%81%93-chuan-chuan-xiang-und-nudelhaus-berlin,29.0,4.0,10,1,Kronenstr. 7210117 Berlin,"{'Monday': 'Closed', 'Tuesday': 'Closed', 'Wednesday': 'Closed', 'Thursday': 'Closed', 'Friday': 'Closed'}","Offers Takeout,No Reservations,No Delivery,Vegan Options","Chinese,Soup"
YamYam,https://www.yelp.co.uk/biz/yam-yam-berlin-2,153.0,4.0,266,0,Alte Schönhauser Str. 610119 Berlin,"{'Monday': '1:00 PM - 11:00 PM', 'Tuesday': '1:00 PM - 11:00 PM', 'Wednesday': '1:00 PM - 11:00 PM', 'Thursday': '1:00 PM - 11:00 PM', 'Friday': '1:00 PM - 11:00 PM'}","Takes Reservations,Offers Takeout,No Delivery,Many Vegetarian Options",Korean
ammAmma,https://www.yelp.co.uk/biz/ammamma-berlin-2,50.0,4.5,61,1,Eisenacher Str. 5910823 Berlin,"{'Monday': '12:00 PM - 12:00 AM (Next day)', 'Tuesday': '12:00 PM - 12:00 AM (Next day)', 'Wednesday': '12:00 PM - 12:00 AM (Next day)', 'Thursday': '12:00 PM - 12:00 AM (Next day)', 'Friday': '12:00 PM - 12:00 AM (Next day)'}","Takes Reservations,Offers Takeout,No Delivery,Outdoor Seating",Indian
DerFischladen,https://www.yelp.co.uk/biz/der-fischladen-berlin,103.0,4.5,116,1,Schönhauser Allee 12810437 Berlin,"{'Monday': '1:00 PM - 10:00 PM', 'Tuesday': '1:00 PM - 10:00 PM', 'Wednesday': '1:00 PM - 10:00 PM', 'Thursday': '1:00 PM - 10:00 PM', 'Friday': '1:00 PM - 10:00 PM'}","Takes Reservations,Offers Takeout,No Delivery,Outdoor Seating","Seafood,Fishmongers,Fish & Chips"
momos,https://www.yelp.co.uk/biz/momos-berlin-3,38.0,4.0,12,1,Chausseestr. 210115 Berlin,"{'Monday': 'Closed', 'Tuesday': 'Closed', 'Wednesday': 'Closed', 'Thursday': 'Closed', 'Friday': 'Closed'}","Offers Delivery,Offers Takeout,No Reservations,Accepts Debit Cards","Vegetarian,Vegan"
RauschSchokoladenhaus,https://www.yelp.co.uk/biz/rausch-schokoladenhaus-berlin-2,698.0,4.5,312,1,Charlottenstr. 6010117 Berlin,"{'Monday': '11:00 AM - 8:00 PM', 'Tuesday': '11:00 AM - 8:00 PM', 'Wednesday': '11:00 AM - 8:00 PM', 'Thursday': '11:00 AM - 8:00 PM', 'Friday': '11:00 AM - 8:00 PM'}","Takes Reservations,Offers Takeout,No Delivery,Accepts Debit Cards","Chocolate & Chocolatiers,Cafes"
TheTree,https://www.yelp.co.uk/biz/the-tree-berlin-3,37.0,4.5,17,0,Brunnenstr. 16710119 Berlin,"{'Monday': '1:00 PM - 10:00 PM', 'Tuesday': '1:00 PM - 10:00 PM', 'Wednesday': '1:00 PM - 10:00 PM', 'Thursday': '1:00 PM - 10:00 PM', 'Friday': '1:00 PM - 10:00 PM'}","Takes Reservations,Offers Takeout,Many Vegetarian Options,Outdoor Seating",Chinese
achtdreissig,https://www.yelp.co.uk/biz/acht-und-dreissig-berlin,59.0,4.5,23,0,Oranienburger Str. 3810117 Berlin,"{'Monday': 'Closed', 'Tuesday': 'Closed', 'Wednesday': 'Closed', 'Thursday': 'Closed', 'Friday': 'Closed'}","Takes Reservations,Offers Delivery,No Takeout,Accepts Debit Cards",German
DaJiaLe,https://www.yelp.co.uk/biz/da-jia-le-berlin-3,157.0,4.5,62,1,Goebenstr. 2310783 Berlin,"{'Monday': '12:00 PM - 11:00 PM', 'Tuesday': '12:00 PM - 11:00 PM', 'Wednesday': '12:00 PM - 11:00 PM', 'Thursday': '12:00 PM - 11:00 PM', 'Friday': '12:00 PM - 11:00 PM'}","Takes Reservations,Offers Delivery,Offers Takeout,Accepts Debit Cards",Chinese
RepkeSptzlerei,https://www.yelp.co.uk/biz/repke-sp%C3%A4tzlerei-berlin,88.0,4.0,79,0,Bleibtreustr. 4610623 Berlin,"{'Monday': '11:30 AM - 11:00 PM', 'Tuesday': '11:30 AM - 11:00 PM', 'Wednesday': '11:30 AM - 11:00 PM', 'Thursday': '11:30 AM - 11:00 PM', 'Friday': '11:30 AM - 11:00 PM'}","Takes Reservations,Offers Takeout,No Delivery,Accepts Debit Cards",German
SptzleClub,https://www.yelp.co.uk/biz/sp%C3%A4tzle-club-berlin,23.0,4.5,50,0,Seydelstr. 210117 Berlin,"{'Monday': 'Closed', 'Tuesday': 'Closed', 'Wednesday': 'Closed', 'Thursday': 'Closed', 'Friday': 'Closed'}","Offers Takeout,No Reservations,No Delivery,Many Vegetarian Options","German,Swabian"
Udagawa,https://www.yelp.co.uk/biz/udagawa-berlin-5,43.0,4.0,54,0,Kantstr. 11810625 Berlin,"{'Monday': '12:00 PM - 11:30 PM', 'Tuesday': '12:00 PM - 11:30 PM', 'Wednesday': '12:00 PM - 11:30 PM', 'Thursday': '12:00 PM - 11:30 PM', 'Friday': '12:00 PM - 11:30 PM'}","Takes Reservations,Offers Takeout,No Delivery,Moderate Noise",Japanese
LaCasaBuenaVista,https://www.yelp.co.uk/biz/la-casa-buena-vista-berlin,99.0,4.5,63,1,Bizetstraße 13613088 Berlin,"{'Monday': '4:00 PM - 11:00 PM', 'Tuesday': '4:00 PM - 11:00 PM', 'Wednesday': '4:00 PM - 11:00 PM', 'Thursday': '4:00 PM - 11:00 PM', 'Friday': '4:00 PM - 11:00 PM'}","Takes Reservations,Offers Takeout,No Delivery,Accepts Debit Cards","Cuban,Cocktail Bars,Cajun/Creole"
WeingalerieundCafN,https://www.yelp.co.uk/biz/weingalerie-und-caf%C3%A9-n%C3%B6-berlin,107.0,4.5,131,1,Glinkastr. 2310117 Berlin,"{'Monday': 'Closed', 'Tuesday': 'Closed', 'Wednesday': 'Closed', 'Thursday': 'Closed', 'Friday': 'Closed'}","Takes Reservations,No Delivery,No Takeout,Accepts Debit Cards","Wine Bars,Mediterranean,Flatbread"
Ushido,https://www.yelp.co.uk/biz/ushido-berlin-2,164.0,4.5,48,1,Lychener Str. 1810437 Berlin,"{'Monday': '5:00 PM - 11:00 PM', 'Tuesday': '5:00 PM - 11:00 PM', 'Wednesday': '5:00 PM - 11:00 PM', 'Thursday': '5:00 PM - 11:00 PM', 'Friday': '5:00 PM - 11:00 PM'}","Takes Reservations,Offers Delivery,No Takeout,Accepts Debit Cards","Japanese,BBQ & Barbecue"
DuBonheur,https://www.yelp.co.uk/biz/du-bonheur-berlin,53.0,4.5,49,1,Brunnenstr. 3910115 Berlin,"{'Monday': '9:00 AM - 7:00 PM', 'Tuesday': '9:00 AM - 7:00 PM', 'Wednesday': '9:00 AM - 7:00 PM', 'Thursday': '9:00 AM - 7:00 PM', 'Friday': '9:00 AM - 7:00 PM'}","Offers Delivery,Offers Takeout,No Reservations,Outdoor Seating","Cafes,Bakeries,Delicatessen"
CafeAlbrecht,https://www.yelp.co.uk/biz/cafe-albrecht-berlin-4,30.0,4.0,9,1,Reinhardtstr. 2310117 Berlin,"{'Monday': '8:00 AM - 4:00 PM', 'Tuesday': '8:00 AM - 4:00 PM', 'Wednesday': '8:00 AM - 4:00 PM', 'Thursday': '8:00 AM - 4:00 PM', 'Friday': '8:00 AM - 4:00 PM'}","Takes Reservations,Offers Takeout,No Delivery,Outdoor Seating","Bakeries,Coffee & Tea Shops,Breakfast & Brunch"
Momiji,https://www.yelp.co.uk/biz/momiji-berlin,29.0,5.0,12,1,Bleibtreustr. 5210623 Berlin,"{'Monday': 'Closed', 'Tuesday': 'Closed', 'Wednesday': 'Closed', 'Thursday': 'Closed', 'Friday': 'Closed'}","Takes Reservations,Offers Takeout,No Delivery,Good for Groups",Japanese
Pascarella,https://www.yelp.co.uk/biz/pascarella-berlin-2,11.0,4.5,6,1,Chauseestr. 3010115 Berlin,"{'Monday': '4:00 PM - 11:00 PM', 'Tuesday': '4:00 PM - 11:00 PM', 'Wednesday': '4:00 PM - 11:00 PM', 'Thursday': '4:00 PM - 11:00 PM', 'Friday': '4:00 PM - 11:00 PM'}","Takes Reservations,No Delivery,No Takeout,Dressy","Pizza,Italian"
MariaBonita,https://www.yelp.co.uk/biz/maria-bonita-berlin-3,84.0,4.0,185,0,Danziger Str. 3310435 Berlin,"{'Monday': '12:00 PM - 11:00 PM', 'Tuesday': '12:00 PM - 11:00 PM', 'Wednesday': '12:00 PM - 11:00 PM', 'Thursday': '12:00 PM - 11:00 PM', 'Friday': '12:00 PM - 11:00 PM'}","Offers Takeout,No Reservations,No Delivery,Vegan Options",Mexican
ZurHaxe,https://www.yelp.co.uk/biz/zur-haxe-berlin-2,42.0,4.5,82,0,Erich-Weinert-Str. 12810409 Berlin,"{'Monday': '12:00 PM - 12:00 AM (Next day)', 'Tuesday': '12:00 PM - 12:00 AM (Next day)', 'Wednesday': '12:00 PM - 12:00 AM (Next day)', 'Thursday': '12:00 PM - 12:00 AM (Next day)', 'Friday': '12:00 PM - 12:00 AM (Next day)'}","Takes Reservations,Offers Takeout,No Delivery,Limited Vegetarian Options",German
PapPanediSorrento,https://www.yelp.co.uk/biz/pap%C3%A0-pane-di-sorrento-berlin-2,117.0,4.0,238,1,Ackerstr. 2310115 Berlin,"{'Monday': '12:00 PM - 12:00 AM (Next day)', 'Tuesday': '12:00 PM - 12:00 AM (Next day)', 'Wednesday': '12:00 PM - 12:00 AM (Next day)', 'Thursday': '12:00 PM - 12:00 AM (Next day)', 'Friday': '12:00 PM - 12:00 AM (Next day)'}","Takes Reservations,Offers Takeout,No Delivery,Many Vegetarian Options",Italian
TheBird,https://www.yelp.co.uk/biz/the-bird-berlin,238.0,4.0,665,1,Am Falkplatz 510437 Berlin,"{'Monday': '12:00 PM - 11:00 PM', 'Tuesday': '12:00 PM - 11:00 PM', 'Wednesday': '12:00 PM - 11:00 PM', 'Thursday': '12:00 PM - 11:00 PM', 'Friday': '12:00 PM - 11:00 PM'}","Takes Reservations,Offers Takeout,No Delivery,Many Vegetarian Options","Burgers,Steakhouses"
Taste,https://www.yelp.co.uk/biz/taste-berlin-2,12.0,4.5,9,0,Alt-Moabit 5410555 Berlin,"{'Monday': '12:00 PM - 12:00 AM (Next day)', 'Tuesday': '12:00 PM - 12:00 AM (Next day)', 'Wednesday': '12:00 PM - 12:00 AM (Next day)', 'Thursday': '12:00 PM - 12:00 AM (Next day)', 'Friday': '12:00 PM - 12:00 AM (Next day)'}","Takes Reservations,Offers Delivery,Offers Takeout,Outdoor Seating",Singaporean
ShisoBurger,https://www.yelp.co.uk/biz/shiso-burger-berlin,267.0,4.0,297,1,Auguststr. 29 c10119 Berlin,"{'Monday': '12:00 PM - 12:00 AM (Next day)', 'Tuesday': '12:00 PM - 12:00 AM (Next day)', 'Wednesday': '12:00 PM - 12:00 AM (Next day)', 'Thursday': '12:00 PM - 12:00 AM (Next day)', 'Friday': '12:00 PM - 12:00 AM (Next day)'}","Takes Reservations,Offers Takeout,No Delivery,Many Vegetarian Options",Burgers
FeelSeoulGood,https://www.yelp.co.uk/biz/feel-seoul-good-berlin,14.0,4.5,13,0,Husemannstr. 210435 Berlin,"{'Monday': '12:00 PM - 11:00 PM', 'Tuesday': '12:00 PM - 11:00 PM', 'Wednesday': '12:00 PM - 11:00 PM', 'Thursday': '12:00 PM - 11:00 PM', 'Friday': '12:00 PM - 11:00 PM'}","Outdoor Seating,TV",Korean
Refugium,https://www.yelp.co.uk/biz/refugium-berlin-2,40.0,4.0,30,1,Gendarmenmarkt 510117 Berlin,"{'Monday': '11:00 AM - 1:30 AM (Next day)', 'Tuesday': '11:00 AM - 1:30 AM (Next day)', 'Wednesday': '11:00 AM - 1:30 AM (Next day)', 'Thursday': '11:00 AM - 1:30 AM (Next day)', 'Friday': '11:00 AM - 1:30 AM (Next day)'}","Takes Reservations,No Delivery,No Takeout,Accepts Debit Cards","German,International"
Seaside,https://www.yelp.co.uk/biz/seaside-berlin-4,154.0,4.0,33,1,Mohrenstr. 1710117 Berlin,"{'Monday': '1:30 PM - 10:00 PM', 'Tuesday': '1:30 PM - 10:00 PM', 'Wednesday': '1:30 PM - 10:00 PM', 'Thursday': '1:30 PM - 10:00 PM', 'Friday': '1:30 PM - 10:00 PM'}","Takes Reservations,Offers Takeout,No Delivery,Accepts Debit Cards",Seafood
TaqueraTaCabrn,https://www.yelp.co.uk/biz/taquer%C3%ADa-tacabr%C3%B3n-berlin,75.0,4.0,145,1,Skalitzer Str. 6010997 Berlin,"{'Monday': '1:00 PM - 11:00 PM', 'Tuesday': '1:00 PM - 11:00 PM', 'Wednesday': '1:00 PM - 11:00 PM', 'Thursday': '1:00 PM - 11:00 PM', 'Friday': '1:00 PM - 11:00 PM'}","Takes Reservations,Offers Takeout,No Delivery,Outdoor Seating","Mexican,Dive Bars"
Schwiliko,https://www.yelp.co.uk/biz/schwiliko-berlin,51.0,4.0,32,1,Schlesische Str. 2910997 Berlin,"{'Monday': '5:00 PM - 12:00 AM (Next day)', 'Tuesday': '5:00 PM - 12:00 AM (Next day)', 'Wednesday': '5:00 PM - 12:00 AM (Next day)', 'Thursday': '5:00 PM - 12:00 AM (Next day)', 'Friday': '5:00 PM - 12:00 AM (Next day)'}","Takes Reservations,Offers Takeout,No Delivery,Accepts Debit Cards",Georgian
LouisAlfons,https://www.yelp.co.uk/biz/louis-alfons-berlin,15.0,4.5,14,1,Gerichtstr. 6013347 Berlin,"{'Monday': '4:00 PM - 10:00 PM', 'Tuesday': '4:00 PM - 10:00 PM', 'Wednesday': '4:00 PM - 10:00 PM', 'Thursday': '4:00 PM - 10:00 PM', 'Friday': '4:00 PM - 10:00 PM'}","Takes Reservations,Offers Delivery,Offers Takeout,Accepts Debit Cards","Burgers,Steakhouses"
SaltnBone,https://www.yelp.co.uk/biz/salt-n-bone-berlin-2,57.0,4.5,39,1,Schliemannstr. 3110437 Berlin,"{'Monday': '5:00 PM - 11:00 PM', 'Tuesday': '5:00 PM - 11:00 PM', 'Wednesday': '5:00 PM - 11:00 PM', 'Thursday': '5:00 PM - 11:00 PM', 'Friday': '5:00 PM - 11:00 PM'}","Takes Reservations,No Delivery,No Takeout,Accepts Debit Cards","Gastro Pubs,Cocktail Bars"
NoodlePlus,https://www.yelp.co.uk/biz/noodle-plus-berlin-2,,5.0,1,0,Hannah-Arendt-Str. 110117 Berlin,"{'Monday': '11:00 AM - 10:00 PM', 'Tuesday': '11:00 AM - 10:00 PM', 'Wednesday': '11:00 AM - 10:00 PM', 'Thursday': '11:00 AM - 10:00 PM', 'Friday': '11:00 AM - 10:00 PM'}",,Chinese
Layla,https://www.yelp.co.uk/biz/layla-berlin,26.0,4.5,9,1,Hallesche Str. 1010963 Berlin,"{'Monday': '6:00 PM - 1:00 AM (Next day)', 'Tuesday': '6:00 PM - 1:00 AM (Next day)', 'Wednesday': '6:00 PM - 1:00 AM (Next day)', 'Thursday': '6:00 PM - 1:00 AM (Next day)', 'Friday': '6:00 PM - 1:00 AM (Next day)'}",TV,Middle Eastern
Tinman,https://www.yelp.co.uk/biz/tinman-berlin,18.0,4.5,4,1,Alte Schönhauser Str. 210119 Berlin,"{'Monday': '9:00 AM - 6:00 PM', 'Tuesday': '9:00 AM - 6:00 PM', 'Wednesday': '9:00 AM - 6:00 PM', 'Thursday': '9:00 AM - 6:00 PM', 'Friday': '9:00 AM - 6:00 PM'}","Takes Reservations,No Delivery,Free Wi-Fi,TV","Cafes,Breakfast & Brunch,Sandwiches"
SchnitzeleiMitte,https://www.yelp.co.uk/biz/schnitzelei-mitte-berlin,,4.5,48,1,Chausseestr. 8Hinterhof10115 Berlin,"{'Monday': '4:00 PM - 12:00 AM (Next day)', 'Tuesday': '4:00 PM - 12:00 AM (Next day)', 'Wednesday': '4:00 PM - 12:00 AM (Next day)', 'Thursday': '4:00 PM - 12:00 AM (Next day)', 'Friday': '4:00 PM - 12:00 AM (Next day)'}","Takes Reservations,Offers Takeout,No Delivery,Accepts Debit Cards",
AsiaBistro,https://www.yelp.co.uk/biz/asia-bistro-berlin-6,,5.0,1,0,Cora-Berliner-Str. 210117 Berlin,{},,"Food Delivery,Pan Asian"
Dolores,https://www.yelp.co.uk/biz/dolores-berlin,153.0,4.0,523,1,Rosa-Luxemburg-Str. 710178 Berlin,"{'Monday': '1:00 PM - 10:00 PM', 'Tuesday': '1:00 PM - 10:00 PM', 'Wednesday': '1:00 PM - 10:00 PM', 'Thursday': '1:00 PM - 10:00 PM', 'Friday': '1:00 PM - 10:00 PM'}","Offers Takeout,No Reservations,No Delivery,Vegan Options",Mexican
NaNum,https://www.yelp.co.uk/biz/nanum-berlin,24.0,4.5,4,1,Lindenstr. 9010969 Berlin,"{'Monday': 'Closed', 'Tuesday': 'Closed', 'Wednesday': 'Closed', 'Thursday': 'Closed', 'Friday': 'Closed'}","Takes Reservations,No Delivery,No Takeout,Accepts Debit Cards","Korean,Themed Cafes"
StndigeVertretung,https://www.yelp.co.uk/biz/st%C3%A4ndige-vertretung-berlin-2,205.0,4.0,180,1,Schiffbauerdamm 810117 Berlin,"{'Monday': '10:00 AM - 1:00 AM (Next day)', 'Tuesday': '10:00 AM - 1:00 AM (Next day)', 'Wednesday': '10:00 AM - 1:00 AM (Next day)', 'Thursday': '10:00 AM - 1:00 AM (Next day)', 'Friday': '10:00 AM - 1:00 AM (Next day)'}","Takes Reservations,Offers Takeout,No Delivery,Accepts Debit Cards",German
Sabzi,https://www.yelp.co.uk/biz/sabzi-berlin-3,16.0,4.5,18,1,Luisenstr. 1510117 Berlin,"{'Monday': 'Closed', 'Tuesday': 'Closed', 'Wednesday': 'Closed', 'Thursday': 'Closed', 'Friday': 'Closed'}","Offers Takeout,No Reservations,No Delivery,Moderate Noise","Oriental,Takeaway & Fast Food,Middle Eastern"
ThaiWindowAsia,https://www.yelp.co.uk/biz/thai-window-asia-berlin,38.0,4.5,61,0,Torstr. 2210119 Berlin,"{'Monday': '12:00 PM - 11:00 PM', 'Tuesday': '12:00 PM - 11:00 PM', 'Wednesday': '12:00 PM - 11:00 PM', 'Thursday': '12:00 PM - 11:00 PM', 'Friday': '12:00 PM - 11:00 PM'}","Takes Reservations,Offers Takeout,No Delivery,Many Vegetarian Options",Thai
Saeson,https://www.yelp.co.uk/biz/saeson-berlin,10.0,4.5,3,0,Potsdamer Str. 6710785 Berlin,"{'Monday': 'Closed', 'Tuesday': 'Closed', 'Wednesday': 'Closed', 'Thursday': 'Closed', 'Friday': 'Closed'}",,Scandinavian
Agora,https://www.yelp.co.uk/biz/agora-berlin-5,18.0,5.0,1,1,Annenstr. 1310179 Berlin,"{'Monday': '12:00 PM - 1:00 AM (Next day)', 'Tuesday': '12:00 PM - 1:00 AM (Next day)', 'Wednesday': '12:00 PM - 1:00 AM (Next day)', 'Thursday': '12:00 PM - 1:00 AM (Next day)', 'Friday': '12:00 PM - 1:00 AM (Next day)'}","Takes Reservations,Offers Takeout,No Delivery,TV",Mediterranean
Kourosh,https://www.yelp.co.uk/biz/kourosh-berlin,0.0,0.0,0,0,0,0,0,
Hangmee,https://www.yelp.co.uk/biz/hangmee-berlin,0.0,0.0,0,0,0,0,0,
ThePoutineKitchen,https://www.yelp.co.uk/biz/the-poutine-kitchen-berlin,0.0,0.0,0,0,0,0,0,
PretAManger,https://www.yelp.co.uk/biz/pret-a-manger-berlin,0.0,0.0,0,0,0,0,0,
Marral,https://www.yelp.co.uk/biz/marral-berlin,0.0,0.0,0,0,0,0,0,
LuckyStar,https://www.yelp.co.uk/biz/lucky-star-berlin,0.0,0.0,0,0,0,0,0,
Naninka,https://www.yelp.co.uk/biz/naninka-berlin-4,0.0,0.0,0,0,0,0,0,
ULTRamen,https://www.yelp.co.uk/biz/ult-ramen-berlin,0.0,0.0,0,0,0,0,0,
Mogg,https://www.yelp.co.uk/biz/mogg-berlin-2,0.0,0.0,0,0,0,0,0,
GutenDag,https://www.yelp.co.uk/biz/guten-dag-berlin-2,0.0,0.0,0,0,0,0,0,
Mani,https://www.yelp.co.uk/biz/mani-berlin-2,0.0,0.0,0,0,0,0,0,
Jolly,https://www.yelp.co.uk/biz/jolly-berlin,0.0,0.0,0,0,0,0,0,
MustafasGemseKebap,https://www.yelp.co.uk/biz/mustafas-gem%C3%BCse-kebap-berlin-3,0.0,0.0,0,0,0,0,0,
,https://www.yelp.co.uk/biz/84-berlin-2,0.0,0.0,0,0,0,0,0,
PanAfricaRestaurant,https://www.yelp.co.uk/biz/pan-africa-restaurant-berlin-3,0.0,0.0,0,0,0,0,0,
BerlinerPfannkuchen,https://www.yelp.co.uk/biz/berliner-pfannkuchen-berlin,0.0,0.0,0,0,0,0,0,
SteakhouseAsador,https://www.yelp.co.uk/biz/steakhouse-asador-berlin-3,0.0,0.0,0,0,0,0,0,
Gogogi,https://www.yelp.co.uk/biz/gogogi-berlin,0.0,0.0,0,0,0,0,0,
FRAI,https://www.yelp.co.uk/biz/frai-berlin-2,0.0,0.0,0,0,0,0,0,
TheLastMorningOnEarth,https://www.yelp.co.uk/biz/the-last-morning-on-earth-berlin,0.0,0.0,0,0,0,0,0,
OishiiHotDog,https://www.yelp.co.uk/biz/oishii-hot-dog-berlin-6,0.0,0.0,0,0,0,0,0,
Matreshka,https://www.yelp.co.uk/biz/matreshka-berlin-2,0.0,0.0,0,0,0,0,0,
SafariImbiss,https://www.yelp.co.uk/biz/safari-imbiss-berlin,0.0,0.0,0,0,0,0,0,
Asteria,https://www.yelp.co.uk/biz/asteria-berlin,0.0,0.0,0,0,0,0,0,
Benedict,https://www.yelp.co.uk/biz/benedict-berlin-2,0.0,0.0,0,0,0,0,0,
BirdhouseImbiss,https://www.yelp.co.uk/biz/birdhouse-imbiss-berlin,0.0,0.0,0,0,0,0,0,
honiggelb,https://www.yelp.co.uk/biz/honiggelb-berlin,0.0,0.0,0,0,0,0,0,
Maroush,https://www.yelp.co.uk/biz/maroush-berlin,0.0,0.0,0,0,0,0,0,
GoodTime,https://www.yelp.co.uk/biz/good-time-berlin-3,0.0,0.0,0,0,0,0,0,
GiaHan,https://www.yelp.co.uk/biz/gia-han-berlin,0.0,0.0,0,0,0,0,0,
Merhaba,https://www.yelp.co.uk/biz/merhaba-berlin-2,0.0,0.0,0,0,0,0,0,
Tigertrtchen,https://www.yelp.co.uk/biz/tigert%C3%B6rtchen-berlin-4,0.0,0.0,0,0,0,0,0,
HermannEicke,https://www.yelp.co.uk/biz/hermann-eicke-berlin,0.0,0.0,0,0,0,0,0,
BerlinCapitalClub,https://www.yelp.co.uk/biz/berlin-capital-club-berlin-2,0.0,0.0,0,0,0,0,0,
Mabuhay,https://www.yelp.co.uk/biz/mabuhay-berlin,0.0,0.0,0,0,0,0,0,
TukTuk,https://www.yelp.co.uk/biz/tuk-tuk-berlin-2,0.0,0.0,0,0,0,0,0,
GodeWind,https://www.yelp.co.uk/biz/gode-wind-berlin,0.0,0.0,0,0,0,0,0,
BerlinerEnsembleKantine,https://www.yelp.co.uk/biz/berliner-ensemble-kantine-berlin,0.0,0.0,0,0,0,0,0,
CafMori,https://www.yelp.co.uk/biz/caf%C3%A9-mori-berlin-3,0.0,0.0,0,0,0,0,0,
RistoranteaMano,https://www.yelp.co.uk/biz/ristorante-a-mano-berlin,0.0,0.0,0,0,0,0,0,
CafKrone,https://www.yelp.co.uk/biz/caf%C3%A9-krone-berlin-3,0.0,0.0,0,0,0,0,0,
MirageBistrot,https://www.yelp.co.uk/biz/mirage-bistrot-berlin,0.0,0.0,0,0,0,0,0,
RestaurantDATAKITCHEN,https://www.yelp.co.uk/biz/restaurant-data-kitchen-berlin,0.0,0.0,0,0,0,0,0,
Schwarzwaldstuben,https://www.yelp.co.uk/biz/schwarzwaldstuben-berlin,0.0,0.0,0,0,0,0,0,
FlamingoFreshFoodBar,https://www.yelp.co.uk/biz/flamingo-fresh-food-bar-berlin-2,0.0,0.0,0,0,0,0,0,
ChensWok,https://www.yelp.co.uk/biz/chens-wok-berlin,0.0,0.0,0,0,0,0,0,
RotisserieWeingrn,https://www.yelp.co.uk/biz/rotisserie-weingr%C3%BCn-berlin,0.0,0.0,0,0,0,0,0,
MrVertigo,https://www.yelp.co.uk/biz/mr-vertigo-berlin,0.0,0.0,0,0,0,0,0,
MonsieurVuong,https://www.yelp.co.uk/biz/monsieur-vuong-berlin,0.0,0.0,0,0,0,0,0,
Volver,https://www.yelp.co.uk/biz/volver-berlin,0.0,0.0,0,0,0,0,0,
Supersonico,https://www.yelp.co.uk/biz/supersonico-berlin,0.0,0.0,0,0,0,0,0,
BigStuffSmokedBBQ,https://www.yelp.co.uk/biz/big-stuff-smoked-bbq-berlin,0.0,0.0,0,0,0,0,0,
OsteriabeiPino,https://www.yelp.co.uk/biz/osteria-bei-pino-berlin,0.0,0.0,0,0,0,0,0,
NmNmStreet,https://www.yelp.co.uk/biz/n%C3%B4m-n%C3%B4m-street-berlin-2,0.0,0.0,0,0,0,0,0,
Ostfee,https://www.yelp.co.uk/biz/ostfee-berlin,0.0,0.0,0,0,0,0,0,
Chipps,https://www.yelp.co.uk/biz/chipps-berlin,0.0,0.0,0,0,0,0,0,
Picoteo,https://www.yelp.co.uk/biz/picoteo-berlin-2,0.0,0.0,0,0,0,0,0,
DanThaiFood,https://www.yelp.co.uk/biz/dan-thai-food-berlin,0.0,0.0,0,0,0,0,0,
CORDO,https://www.yelp.co.uk/biz/cordo-berlin,0.0,0.0,0,0,0,0,0,
RistoranteNuovoFirenze,https://www.yelp.co.uk/biz/ristorante-nuovo-firenze-berlin,0.0,0.0,0,0,0,0,0,
DansDimSum,https://www.yelp.co.uk/biz/dans-dim-sum-berlin-2,0.0,0.0,0,0,0,0,0,
Pantry,https://www.yelp.co.uk/biz/pantry-berlin,0.0,0.0,0,0,0,0,0,
Zaika,https://www.yelp.co.uk/biz/zaika-berlin,0.0,0.0,0,0,0,0,0,
RembrandtBurger,https://www.yelp.co.uk/biz/rembrandt-burger-berlin,0.0,0.0,0,0,0,0,0,
ShaniusHouseofNoodles,https://www.yelp.co.uk/biz/shanius-house-of-noodles-berlin,0.0,0.0,0,0,0,0,0,
ChicagoWilliamsBBQ,https://www.yelp.co.uk/biz/chicago-williams-bbq-berlin,0.0,0.0,0,0,0,0,0,
Gm,https://www.yelp.co.uk/biz/g%C3%BCm%C3%BC%C5%9F-berlin,0.0,0.0,0,0,0,0,0,
Latrio,https://www.yelp.co.uk/biz/latrio-berlin,0.0,0.0,0,0,0,0,0,
CChu,https://www.yelp.co.uk/biz/c%C3%B4-chu-berlin,0.0,0.0,0,0,0,0,0,
BoulevardFriedrichstrasse,https://www.yelp.co.uk/biz/boulevard-friedrichstrasse-berlin,0.0,0.0,0,0,0,0,0,
Gianni,https://www.yelp.co.uk/biz/gianni-berlin,0.0,0.0,0,0,0,0,0,
Sugar,https://www.yelp.co.uk/biz/sugar-berlin,0.0,0.0,0,0,0,0,0,
Marjellchen,https://www.yelp.co.uk/biz/marjellchen-berlin,0.0,0.0,0,0,0,0,0,
Transit,https://www.yelp.co.uk/biz/transit-berlin,0.0,0.0,0,0,0,0,0,
Ixthys,https://www.yelp.co.uk/biz/ixthys-berlin,0.0,0.0,0,0,0,0,0,
MonkeyMind,https://www.yelp.co.uk/biz/monkey-mind-berlin-2,0.0,0.0,0,0,0,0,0,
MyGoodness,https://www.yelp.co.uk/biz/my-goodness-berlin,0.0,0.0,0,0,0,0,0,
ChamandiRestaurant,https://www.yelp.co.uk/biz/chamandi-restaurant-berlin,0.0,0.0,0,0,0,0,0,
PeterPane,https://www.yelp.co.uk/biz/peter-pane-berlin-7,0.0,0.0,0,0,0,0,0,
Pasternak,https://www.yelp.co.uk/biz/pasternak-berlin,0.0,0.0,0,0,0,0,0,
Dnerbox,https://www.yelp.co.uk/biz/d%C3%B6nerbox-berlin,0.0,0.0,0,0,0,0,0,
RodolfosTapasBar,https://www.yelp.co.uk/biz/rodolfos-tapas-bar-berlin,0.0,0.0,0,0,0,0,0,
Lokal,https://www.yelp.co.uk/biz/lokal-berlin-3,0.0,0.0,0,0,0,0,0,
SaporidiCasa,https://www.yelp.co.uk/biz/sapori-di-casa-berlin,0.0,0.0,0,0,0,0,0,
BBIBerlinburgerInternational,https://www.yelp.co.uk/biz/bbi-berlinburger-international-berlin,0.0,0.0,0,0,0,0,0,
Simply,https://www.yelp.co.uk/biz/simply-berlin,0.0,0.0,0,0,0,0,0,
heimlichTreu,https://www.yelp.co.uk/biz/heimlichtreu-berlin-2,0.0,0.0,0,0,0,0,0,
MARS,https://www.yelp.co.uk/biz/mars-berlin-2,0.0,0.0,0,0,0,0,0,
MinhSan,https://www.yelp.co.uk/biz/minh-san-berlin,0.0,0.0,0,0,0,0,0,
VietBowl,https://www.yelp.co.uk/biz/viet-bowl-berlin-7,0.0,0.0,0,0,0,0,0,
Facil,https://www.yelp.co.uk/biz/facil-berlin,0.0,0.0,0,0,0,0,0,
Shalimar,https://www.yelp.co.uk/biz/shalimar-berlin-2,0.0,0.0,0,0,0,0,0,
AkkoRestaurant,https://www.yelp.co.uk/biz/akko-restaurant-berlin,0.0,0.0,0,0,0,0,0,
HasirBurger,https://www.yelp.co.uk/biz/hasir-burger-berlin-4,11.0,4,12,1,Chauseestr. 3010115 Berlin,"{'Monday': '11:00 AM - 11:00 PM', 'Tuesday': '11:00 AM - 11:00 PM', 'Wednesday': '11:00 AM - 11:00 PM', 'Thursday': '11:00 AM - 11:00 PM', 'Friday': '11:00 AM - 11:00 PM'}","Offers Takeout,No Reservations,No Delivery,Good For Kids","Burgers,Takeaway & Fast Food"
FrhsammersRestaurant,https://www.yelp.co.uk/biz/fr%C3%BChsammers-restaurant-berlin-2,32.0,5,21,0,Flinsberger Platz 814193 Berlin,"{'Monday': 'Closed', 'Tuesday': 'Closed', 'Wednesday': 'Closed', 'Thursday': 'Closed', 'Friday': 'Closed'}","Takes Reservations,No Delivery,No Takeout,Accepts Debit Cards",Modern European
Uferlos,https://www.yelp.co.uk/biz/uferlos-berlin,0.0,0.0,0,0,0,0,0,
Hugos,https://www.yelp.co.uk/biz/hugos-berlin,0.0,0.0,0,0,0,0,0,
KatzOrange,https://www.yelp.co.uk/biz/katz-orange-berlin,0.0,0.0,0,0,0,0,0,
GasthausKrombach,https://www.yelp.co.uk/biz/gasthaus-krombach-berlin,0.0,0.0,0,0,0,0,0,
Harapeco,https://www.yelp.co.uk/biz/harapeco-berlin,0.0,0.0,0,0,0,0,0,
Sisaket,https://www.yelp.co.uk/biz/sisaket-berlin-2,0.0,0.0,0,0,0,0,0,
MozzarellaPomodoro,https://www.yelp.co.uk/biz/mozzarella-und-pomodoro-berlin-2,0.0,0.0,0,0,0,0,0,
Marthas,https://www.yelp.co.uk/biz/marthas-berlin-2,0.0,0.0,0,0,0,0,0,
QBurger,https://www.yelp.co.uk/biz/q-burger-berlin,0.0,0.0,0,0,0,0,0,
AgataTorrisi,https://www.yelp.co.uk/biz/agata-torrisi-berlin,0.0,0.0,0,0,0,0,0,
TavernaPhaestos,https://www.yelp.co.uk/biz/taverna-phaestos-berlin,0.0,0.0,0,0,0,0,0,
Handoyos,https://www.yelp.co.uk/biz/handoyos-berlin-2,0.0,0.0,0,0,0,0,0,
Tbilisi,https://www.yelp.co.uk/biz/tbilisi-berlin,0.0,0.0,0,0,0,0,0,
LACaf,https://www.yelp.co.uk/biz/l-a-caf%C3%A9-berlin,0.0,0.0,0,0,0,0,0,
HouseofSmallWonderTempCLOSED,https://www.yelp.co.uk/biz/house-of-small-wonder-berlin,0.0,0.0,0,0,0,0,0,
Yorckschlsschen,https://www.yelp.co.uk/biz/yorckschl%C3%B6sschen-berlin,0.0,0.0,0,0,0,0,0,
Kfer,https://www.yelp.co.uk/biz/k%C3%A4fer-berlin-3,0.0,0.0,0,0,0,0,0,
HanoiSt,https://www.yelp.co.uk/biz/hanoi-st-16-berlin,0.0,0.0,0,0,0,0,0,
Cozymazu,https://www.yelp.co.uk/biz/cozymazu-berlin,0.0,0.0,0,0,0,0,0,
Boccondivino,https://www.yelp.co.uk/biz/boccondivino-berlin,0.0,0.0,0,0,0,0,0,
AlsancakSimitSarayi,https://www.yelp.co.uk/biz/alsancak-simit-sarayi-berlin-2,0.0,0.0,0,0,0,0,0,
Chupenga,https://www.yelp.co.uk/biz/chupenga-berlin-7,0.0,0.0,0,0,0,0,0,
POTS,https://www.yelp.co.uk/biz/pots-berlin,0.0,0.0,0,0,0,0,0,
PeterPane,https://www.yelp.co.uk/biz/peter-pane-berlin-5,0.0,0.0,0,0,0,0,0,
GrilledPocketSandwichGPS,https://www.yelp.co.uk/biz/grilled-pocket-sandwich-g-p-s-berlin,0.0,0.0,0,0,0,0,0,
APosto,https://www.yelp.co.uk/biz/a-posto-berlin,0.0,0.0,0,0,0,0,0,
GOLVET,https://www.yelp.co.uk/biz/golvet-berlin,0.0,0.0,0,0,0,0,0,
ZurkleinenMarkthalle,https://www.yelp.co.uk/biz/zur-kleinen-markthalle-berlin,0.0,0.0,0,0,0,0,0,
LittleGreenRabbitGendarmenmarkt,https://www.yelp.co.uk/biz/little-green-rabbit-gendarmenmarkt-berlin,0.0,0.0,0,0,0,0,0,
RoyalsRice,https://www.yelp.co.uk/biz/royals-und-rice-berlin-2,0.0,0.0,0,0,0,0,0,
Zollpackhof,https://www.yelp.co.uk/biz/zollpackhof-berlin-2,0.0,0.0,0,0,0,0,0,
Mezem,https://www.yelp.co.uk/biz/mezem-berlin-6,0.0,0.0,0,0,0,0,0,
MidtownGrill,https://www.yelp.co.uk/biz/midtown-grill-berlin,0.0,0.0,0,0,0,0,0,
Mydelilove,https://www.yelp.co.uk/biz/my-deli-love-berlin-2,0.0,0.0,0,0,0,0,0,
TheFlyingMonkey,https://www.yelp.co.uk/biz/the-flying-monkey-berlin,0.0,0.0,0,0,0,0,0,
CHIBEE,https://www.yelp.co.uk/biz/chibee-berlin,0.0,0.0,0,0,0,0,0,
KANTINE,https://www.yelp.co.uk/biz/kantine-berlin-16,0.0,0.0,0,0,0,0,0,
MeinHausamSee,https://www.yelp.co.uk/biz/mein-haus-am-see-berlin,0.0,0.0,0,0,0,0,0,
CalicedOro,https://www.yelp.co.uk/biz/calice-d-oro-berlin,0.0,0.0,0,0,0,0,0,
IndianVillage,https://www.yelp.co.uk/biz/indian-village-berlin-4,0.0,0.0,0,0,0,0,0,
est,https://www.yelp.co.uk/biz/est-berlin-2,0.0,0.0,0,0,0,0,0,
MyDner,https://www.yelp.co.uk/biz/my-d%C3%B6ner-berlin,0.0,0.0,0,0,0,0,0,
HasinaEatery,https://www.yelp.co.uk/biz/hasina-eatery-berlin,0.0,0.0,0,0,0,0,0,
PizzaconAmore,https://www.yelp.co.uk/biz/pizza-con-amore-berlin,0.0,0.0,0,0,0,0,0,
Mrder,https://www.yelp.co.uk/biz/m%C3%B6rder-berlin,0.0,0.0,0,0,0,0,0,
Nusantara,https://www.yelp.co.uk/biz/nusantara-berlin-2,0.0,0.0,0,0,0,0,0,
beetsroots,https://www.yelp.co.uk/biz/beets-und-roots-berlin-2,0.0,0.0,0,0,0,0,0,
ORA,https://www.yelp.co.uk/biz/ora-berlin,0.0,0.0,0,0,0,0,0,
Maximilians,https://www.yelp.co.uk/biz/maximilians-berlin-3,0.0,0.0,0,0,0,0,0,
NightKitchen,https://www.yelp.co.uk/biz/night-kitchen-berlin,0.0,0.0,0,0,0,0,0,
DoDeLi,https://www.yelp.co.uk/biz/do-de-li-berlin,0.0,0.0,0,0,0,0,0,
ReinhardBr,https://www.yelp.co.uk/biz/reinhard-b%C3%A4r-berlin,0.0,0.0,0,0,0,0,0,
RistoranteCinque,https://www.yelp.co.uk/biz/ristorante-cinque-berlin-3,0.0,0.0,0,0,0,0,0,
DUDU,https://www.yelp.co.uk/biz/dudu-berlin,0.0,0.0,0,0,0,0,0,
SteelVintageBikesCaf,https://www.yelp.co.uk/biz/steel-vintage-bikes-caf%C3%A9-berlin-5,0.0,0.0,0,0,0,0,0,
Esra,https://www.yelp.co.uk/biz/esra-berlin-3,0.0,0.0,0,0,0,0,0,
BestCurryBerlin,https://www.yelp.co.uk/biz/best-curry-berlin-berlin,0.0,0.0,0,0,0,0,0,
MayKsi,https://www.yelp.co.uk/biz/ma%C5%82y-ksi%C4%85%C5%BC%C4%99-berlin,0.0,0.0,0,0,0,0,0,
MaisonDang,https://www.yelp.co.uk/biz/maison-dang-berlin,0.0,0.0,0,0,0,0,0,
Ayan,https://www.yelp.co.uk/biz/ayan-berlin,0.0,0.0,0,0,0,0,0,
Mamecha,https://www.yelp.co.uk/biz/mamecha-berlin,0.0,0.0,0,0,0,0,0,
CapitalBeach,https://www.yelp.co.uk/biz/capital-beach-berlin,0.0,0.0,0,0,0,0,0,
HoDoRi,https://www.yelp.co.uk/biz/ho-do-ri-berlin,0.0,0.0,0,0,0,0,0,
AsiaSpezialitten,https://www.yelp.co.uk/biz/asia-spezialit%C3%A4ten-berlin,0.0,0.0,0,0,0,0,0,
ParisMoskau,https://www.yelp.co.uk/biz/paris-moskau-berlin,0.0,0.0,0,0,0,0,0,
Bertolini,https://www.yelp.co.uk/biz/bertolini-berlin,0.0,0.0,0,0,0,0,0,
Bonfini,https://www.yelp.co.uk/biz/bonfini-berlin-2,0.0,0.0,0,0,0,0,0,
AlAndalos,https://www.yelp.co.uk/biz/al-andalos-berlin,0.0,0.0,0,0,0,0,0,
JulesBiergartenCaf,https://www.yelp.co.uk/biz/jules-biergarten-und-caf%C3%A9-berlin,0.0,0.0,0,0,0,0,0,
Bip,https://www.yelp.co.uk/biz/bip-berlin,0.0,0.0,0,0,0,0,0,
BerlinBistro,https://www.yelp.co.uk/biz/berlin-bistro-berlin,0.0,0.0,0,0,0,0,0,
LaGalleriaItaliana,https://www.yelp.co.uk/biz/la-galleria-italiana-berlin,0.0,0.0,0,0,0,0,0,
FesTurkishBBQ,https://www.yelp.co.uk/biz/fes-turkish-bbq-berlin,0.0,0.0,0,0,0,0,0,
Supreme,https://www.yelp.co.uk/biz/supreme-berlin,0.0,0.0,0,0,0,0,0,
Bennywood,https://www.yelp.co.uk/biz/bennywood-berlin-3,0.0,0.0,0,0,0,0,0,
Mixtape,https://www.yelp.co.uk/biz/mixtape-berlin,0.0,0.0,0,0,0,0,0,
GWieGoulasch,https://www.yelp.co.uk/biz/g-wie-goulasch-berlin-2,0.0,0.0,0,0,0,0,0,
ANeverEverEndingLoveStory,https://www.yelp.co.uk/biz/a-never-ever-ending-love-story-berlin,0.0,0.0,0,0,0,0,0,
